党委办公室,电话,是,65642205；65645789,,,,65642205；65645789
?党委办公室,传真,是,65101089,,,,65101089
?党委办公室,地址,是,邯郸校区综合办公楼南楼三楼,,,,邯郸校区综合办公楼南楼三楼
?党委办公室,网址,是,http://www.fudan.edu.cn/new_organize/dangban.htm,,,,http://www.fudan.edu.cn/new_organize/dangban.htm
?党委办公室,党委办公室,是,22205；65645789,,,,22205；65645789
纪委，监察处,电话,是,65642212；55664607；65645170,,,,65642212；55664607；65645170
纪委，监察处,传真,是,65645170（直线）,,,,65645170（直线）
纪委，监察处,地址,是,邯郸校区综合楼北楼三楼309室,,,,邯郸校区综合楼北楼三楼309室
纪委，监察处,网址,是,http://www.jwjc.fudan.edu.cn/,,,,http://www.jwjc.fudan.edu.cn/
纪委，监察处,办公室,是,22212,,,,22212
纪委，监察处,监察处,是,24607,,,,24607
纪委，监察处,案件检查室,是,22625,,,,22625
纪委，监察处,宣传教育室,是,22601,,,,22601
组织部,电话,是,65642210,,,,65642210
组织部,传真,是,65100143,,,,65100143
组织部,地址,是,邯郸校区综合办公楼304室,,,,邯郸校区综合办公楼304室
组织部,网址,是,http://zzb.fudan.edu.cn,,,,http://zzb.fudan.edu.cn
组织部,组织管理办公室（邯郸校区）,是,22210,,,,22210
组织部,干部管理办公室,是,23495,,,,23495
组织部,党校管理办公室,是,23892,,,,23892
组织部,枫林校区办公室,是,54237129,,,,54237129
宣传部,电话,是,65642615、65641346,,,,65642615、65641346
宣传部,传真,是,65106468,,,,65106468
宣传部,地址,是,邯郸校区综合楼北楼三楼323室,,,,邯郸校区综合楼北楼三楼323室
宣传部,网址,是,http://www.fudan.edu.cn/new_organize/xuanchuan.htm,,,,http://www.fudan.edu.cn/new_organize/xuanchuan.htm
宣传部,综合办公室,是,22615；21346,,,,22615；21346
宣传部,理论宣传办公室,是,24239,,,,24239
宣传部,文化建设办公室,是,23859,,,,23859
宣传部,新闻办公室、新闻中心,是,22268,,,,22268
宣传部,校刊编辑室,是,22617,,,,22617
宣传部,广播台,是,23453；22613,,,,23453；22613
宣传部,网络宣传办公室,是,23822,,,,23822
宣传部,校史研究室,是,22616,,,,22616
宣传部,人口与计划生育办公室,是,22489（邯郸）；37768（枫林）,,,,22489（邯郸）；37768（枫林）
宣传部,枫林校区办公点,是,37165；37768,,,,37165；37768
统战部,电话,是,65642621；65642620,,,,65642621；65642620
统战部,传真,是,55522641,,,,55522641
统战部,地址,是,邯郸校区综合办公楼北楼三楼301/303室,,,,邯郸校区综合办公楼北楼三楼301/303室
统战部,网址,是,http://www.tzb.fudan.edu.cn/,,,,http://www.tzb.fudan.edu.cn/
统战部,办公室,是,22620；23455,,,,22620；23455
统战部,民主党派办公室,是,22621；25352,,,,22621；25352
学生工作部（处）,电话,是,65642280,,,,65642280
学生工作部（处）,传真,是,65645539,,,,65645539
学生工作部（处）,地址,是,邯郸校区1号楼211室,,,,邯郸校区1号楼211室
学生工作部（处）,网址,是,http://www.stuaff.fudan.edu.cn,,,,http://www.stuaff.fudan.edu.cn
学生工作部（处）,部长办公室,是,24169,,,,24169
学生工作部（处）,思想政治教育办公室,是,23340,,,,23340
学生工作部（处）,综合管理办公室,是,23740,,,,23740
学生工作部（处）,行政办公室,是,22280,,,,22280
学生工作部（处）,南、东苑学生生活园区学生事务办公室,是,22515,,,,22515
学生工作部（处）,西苑学生生活园区学生事务办公室,是,37322,,,,37322
学生工作部（处）,张江校区学生生活园区学生事务办公室,是,51355050,,,,51355050
研究生工作部,电话,是,65643825,,,,65643825
研究生工作部,传真,是,65644876,,,,65644876
研究生工作部,地址,是,邯郸校区8号楼三楼,,,,邯郸校区8号楼三楼
研究生工作部,网址,是,http://www.ygb.fudan.edu.cn,,,,http://www.ygb.fudan.edu.cn
研究生工作部,管理室,是,23994；22175,,,,23994；22175
研究生工作部,教育室,是,23825；22119,,,,23825；22119
研究生工作部,行政室,是,23146,,,,23146
研究生工作部,邯郸校区北苑学生事务管理办公室,是,24207,,,,24207
研究生工作部,学生生活园区办公室（北苑）,是,24207,,,,24207
老干部工作处,电话,是,65643142（邯郸校区）；54237574（枫林校区）,,,,65643142（邯郸校区）；54237574（枫林校区）
老干部工作处,传真,是,65643142（邯郸校区）；64037323（枫林校区）,,,,65643142（邯郸校区）；64037323（枫林校区）
老干部工作处,地址,是,邯郸校区一号楼133室；枫林校区东11号楼,,,,邯郸校区一号楼133室；枫林校区东11号楼
老干部工作处,网址,是,http://retiree.fudan.edu.cn/lgbc/,,,,http://retiree.fudan.edu.cn/lgbc/
保卫部（处）,电话,是,65642221；65642001,,,,65642221；65642001
保卫部（处）,传真,是,65644771,,,,65644771
保卫部（处）,地址,是,邯郸校区保卫处办公楼（近零号门）,,,,邯郸校区保卫处办公楼（近零号门）
保卫部（处）,综合办公室,是,22220,,,,22220
保卫部（处）,治安办公室,是,22221,,,,22221
保卫部（处）,户政办公室,是,22223,,,,22223
保卫部（处）,内保办公室,是,22229,,,,22229
保卫部（处）,消防交通办,是,22213,,,,22213
保卫部（处）,枫林校区办公室,是,"3,703,137,038",,,,"3,703,137,038"
保卫部（处）,张江校区办公室,是,51355500,,,,51355500
保卫部（处）,江湾校区办公室,是,51630181,,,,51630181
武装部,电话,是,65642230,,,,65642230
武装部,地址,是,邯郸校区100号楼208室,,,,邯郸校区100号楼208室
武装部,网址,是,http://www.fudan.edu.cn/new_organize/wuzhuang.htm,,,,http://www.fudan.edu.cn/new_organize/wuzhuang.htm
武装部,部长办公室,是,22232,,,,22232
武装部,办公室,是,22231,,,,22231
机关党委,电话,是,65642217,,,,65642217
机关党委,地址,是,邯郸校区1号楼329室,,,,邯郸校区1号楼329室
机关党委,网址,是,http://www.fudan.edu.cn/jgdw,,,,http://www.fudan.edu.cn/jgdw
后勤党委,电话,是,65643058,,,,65643058
后勤党委,地址,是,邯郸校区500号楼207室,,,,邯郸校区500号楼207室
团委,电话,是,65643088,,,,65643088
团委,传真,是,65642631,,,,65642631
团委,地址,是,邯郸校区叶耀珍楼312室,,,,邯郸校区叶耀珍楼312室
团委,网址,是,http://www.youth.fudan.edu.cn/,,,,http://www.youth.fudan.edu.cn/
团委,《复旦青年》编辑部,是,24560,,,,24560
团委,调研部,是,24554,,,,24554
团委,科技创新服务中心,是,24559,,,,24559
团委,秘书处,是,23088,,,,23088
团委,青联筹备办公室,是,24424,,,,24424
团委,青年志愿者工作部,是,24554,,,,24554
团委,实践部,是,24554,,,,24554
团委,团校,是,24554,,,,24554
团委,信息管理中心,是,24425,,,,24425
团委,宣传部,是,24604,,,,24604
团委,学生艺术团,是,24604,,,,24604
团委,医务青年办公室,是,37439；37914,,,,37439；37914
团委,组织部,是,23088,,,,23088
工会,电话,是,65643316,,,,65643316
工会,传真,是,65644678,,,,65644678
工会,地址,是,杨浦区国年路275弄7号,,,,杨浦区国年路275弄7号
工会,网址,是,http://www.gonghui.fudan.edu.cn/,,,,http://www.gonghui.fudan.edu.cn/
工会,工会办公室（邯郸校区）,是,23316,,,,23316
工会,工会办公室（枫林校区）,是,37172,,,,37172
妇委会,电话,是,65643317,,,,65643317
妇委会,传真,是,65644678,,,,65644678
妇委会,地址,是,杨浦区国年路275弄7号,,,,杨浦区国年路275弄7号
妇委会,网址,是,http://www.women.fudan.edu.cn/,,,,http://www.women.fudan.edu.cn/
妇委会,复旦大学妇女委员会,是,23317,,,,23317
校长办公室,电话,是,65642640,,,,65642640
校长办公室,传真,是,65644937,,,,65644937
校长办公室,地址,是,邯郸校区综合办公楼南楼二楼,,,,邯郸校区综合办公楼南楼二楼
校长办公室,网址,是,http://www.fudan.edu.cn/new_organize/xiaozhang.htm,,,,http://www.fudan.edu.cn/new_organize/xiaozhang.htm
校长办公室,行政综合办公室,是,22640,,,,22640
校长办公室,接待联络办公室,是,22240,,,,22240
校长办公室,校务公开办公室,是,22835,,,,22835
校长办公室,法律事务办公室,是,22646,,,,22646
校长办公室,年鉴年报编辑部,是,23034,,,,23034
校长办公室,文秘办公室,是,22641,,,,22641
发展规划处,电话,是,65643922,,,,65643922
发展规划处,传真,是,65643921,,,,65643921
发展规划处,地址,是,邯郸校区十号楼3楼,,,,邯郸校区十号楼3楼
发展规划处,网址,是,http://www.fudan.edu.cn/new_organize/fazhan.htm,,,,http://www.fudan.edu.cn/new_organize/fazhan.htm
学科建设办公室,电话,是,55665606,,,,55665606
学科建设办公室,传真,是,65642067,,,,65642067
学科建设办公室,地址,是,邯郸校区一号楼3楼,,,,邯郸校区一号楼3楼
学科建设办公室,网址,是,http://www.fudan.edu.cn/new_organize/xueke.htm,,,,http://www.fudan.edu.cn/new_organize/xueke.htm
学科建设办公室,办公室,是,55665606,,,,55665606
学科建设办公室,211办公室,是,65642877,,,,65642877
学科建设办公室,处长室,是,55664432,,,,55664432
学科建设办公室,副处长室,是,55664266,,,,55664266
人事处,电话,是,65642650；65103059,,,,65642650；65103059
人事处,传真,是,65103059,,,,65103059
人事处,地址,是,邯郸校区综合楼北楼五楼,,,,邯郸校区综合楼北楼五楼
人事处,网址,是,http://www.hr.fudan.edu.cn,,,,http://www.hr.fudan.edu.cn
人事处,综合服务管理与研究发展办公室,是,22650；65103059；22659,,,,22650；65103059；22659
人事处,师资办公室,是,22279,,,,22279
人事处,退休办公室,是,22657,,,,22657
人事处,薪酬福利办公室,是,22656,,,,22656
人事处,人才交流中心,是,23300,,,,23300
人事处,人才引进办公室,是,22953,,,,22953
人事处,人事办公室,是,22651,,,,22651
人事处,人事档案室,是,23711,,,,23711
人事处,博士后工作办公室,是,23992,,,,23992
人事处,出国选派与计划办公室,是,23733,,,,23733
人事处,枫林校区办公室,是,37226,,,,37226
研究生院,电话,是,65642670,,,,65642670
研究生院,传真,是,65647749,,,,65647749
研究生院,地址,是,邯郸校区八号楼,,,,邯郸校区八号楼
研究生院,网址,是,http://www.gs.fudan.edu.cn/,,,,http://www.gs.fudan.edu.cn/
研究生院,综合办公室,是,22670；23370,,,,22670；23370
研究生院,招生办公室,是,22673；23991,,,,22673；23991
研究生院,培养办公室,是,22678；24285；24286；23993,,,,22678；24285；24286；23993
研究生院,学位办公室,是,22137；22674；22077,,,,22137；22674；22077
研究生院,导师工作办公室,是,22021,,,,22021
研究生院,专业学位办公室,是,24217,,,,24217
研究生院,枫林校区办公点,是,37024；37240,,,,37024；37240
教务处,电话,是,65642270；65642286；65643907,,,,65642270；65642286；65643907
教务处,传真,是,65648642,,,,65648642
教务处,地址,是,综合楼北楼二楼209室，211室,,,,综合楼北楼二楼209室，211室
教务处,网址,是,http://www.jwc.fudan.edu.cn,,,,http://www.jwc.fudan.edu.cn
教务处,综合办公室,是,22270；22286；23907,,,,22270；22286；23907
教务处,本科生招生办公室,是,55666668,,,,55666668
教务处,本科生招生网,是,http://www.ao.fudan.edu.cn,,,,http://www.ao.fudan.edu.cn
教务处,教学管理办公室,是,24936；23956；22311,,,,24936；23956；22311
教务处,教学研究办公室,是,22274；22275；25205,,,,22274；22275；25205
教务处,实践教学办公室,是,22271；23480,,,,22271；23480
教务处,注册考务中心,是,22087；23489,,,,22087；23489
科技处,电话,是,65649416；65642660,,,,65649416；65642660
科技处,传真,是,65649416,,,,65649416
科技处,地址,是,邯郸校区综合楼北楼四楼,,,,邯郸校区综合楼北楼四楼
科技处,网址,是,http://dst.fudan.edu.cn/,,,,http://dst.fudan.edu.cn/
科技处,处长室,是,22679,,,,22679
科技处,副处长室,是,22661；22977；22664,,,,22661；22977；22664
科技处,基础研究办公室,是,22662；23671,,,,22662；23671
科技处,重大科技项目办公室,是,22480；25214,,,,22480；25214
科技处,科技成果与知识产权办公室,是,22768；23778,,,,22768；23778
科技处,地方与企业合作办公室,是,22667,,,,22667
科技处,医学科研办公室,是,37507,,,,37507
科技处,军工管理办公室,是,24926,,,,24926
科技处,综合管理办公室,是,65649416；22660,,,,65649416；22660
文科科研处,电话,是,65642289；55664303；55664304；55665233,,,,65642289；55664303；55664304；55665233
文科科研处,传真,是,65644639,,,,65644639
文科科研处,地址,是,邯郸校区1号办公楼3楼,,,,邯郸校区1号办公楼3楼
文科科研处,网址,是,http://wkkyc.fudan.edu.cn/,,,,http://wkkyc.fudan.edu.cn/
文科科研处,综合室,是,22289,,,,22289
文科科研处,成果室,是,24303；25233,,,,24303；25233
文科科研处,规划室,是,24304；25233,,,,24304；25233
文科科研处,336室,是,25233；55665233,,,,25233；55665233
外事处,电话,是,65642260,,,,65642260
外事处,传真,是,65649524,,,,65649524
外事处,地址,是,邯郸校区北欧中心一楼,,,,邯郸校区北欧中心一楼
外事处,网址,是,http://www.fao.fudan.edu.cn,,,,http://www.fao.fudan.edu.cn
外事处,综合办公室,是,22260,,,,22260
外事处,处长办公室,是,22266,,,,22266
外事处,国际交流办公室（亚洲、非洲事务部）,是,23726,,,,23726
外事处,国际交流办公室（美洲、大洋洲事务部）,是,22262,,,,22262
外事处,国际交流办公室（欧洲事务部）,是,24383,,,,24383
外事处,专家事务办公室（邯郸校区）,是,23727,,,,23727
外事处,专家事务办公室（枫林校区）,是,37922,,,,37922
外事处,学生交流办公室,是,24152；24153,,,,24152；24153
外事处,港澳台事务办公室,是,23728,,,,23728
外事处,出国出境服务中心（邯郸校区）,是,22658；22676；65644934（外线）,,,,22658；22676；65644934（外线）
外事处,出国出境服务中心（枫林校区）,是,37907；37428,,,,37907；37428
医学综合事务办公室,电话,是,54237417；64432207,,,,54237417；64432207
医学综合事务办公室,传真,是,64432207,,,,64432207
医学综合事务办公室,地址,是,上海市医学院路138号,,,,上海市医学院路138号
医学学科建设办公室,电话,是,54237447；54237090；54237654,,,,54237447；54237090；54237654
医学学科建设办公室,传真,是,54237654,,,,54237654
医学学科建设办公室,地址,是,上海市医学院路138号治道楼513室,,,,上海市医学院路138号治道楼513室
上海医学院学术委员会,电话,是,64037342,,,,64037342
上海医学院学术委员会,传真,是,64037342,,,,64037342
上海医学院学术委员会,地址,是,上海市医学院路138号治道楼507室,,,,上海市医学院路138号治道楼507室
医学科研管理办公室,电话,是,54237516；64039818,,,,54237516；64039818
医学科研管理办公室,传真,是,64039818,,,,64039818
医学科研管理办公室,地址,是,上海市医学院路138号,,,,上海市医学院路138号
医学教育管理办公室,电话,是,54237770,,,,54237770
医学教育管理办公室,传真,是,54237770,,,,54237770
医学教育管理办公室,地址,是,上海市医学院路138号,,,,上海市医学院路138号
医学学位与研究生教育管理办公室,电话,是,54237446；64035887,,,,54237446；64035887
医学学位与研究生教育管理办公室,传真,是,64035887,,,,64035887
医学学位与研究生教育管理办公室,地址,是,上海市医学院路138号,,,,上海市医学院路138号
医院管理处,电话,是,54237200；64037318,,,,54237200；64037318
医院管理处,传真,是,64037318,,,,64037318
医院管理处,地址,是,上海市医学院路138号,,,,上海市医学院路138号
医院管理处,网址,是,http://www.ygc.fudan.edu.cn/,,,,http://www.ygc.fudan.edu.cn/
对外联络与发展处,电话,是,55664306,,,,55664306
对外联络与发展处,传真,是,65648138,,,,65648138
对外联络与发展处,地址,是,邯郸校区1号楼105-121室,,,,邯郸校区1号楼105-121室
对外联络与发展处,网址,是,http://www.fudan.edu.cn/new_organize/duiwai.htm,,,,http://www.fudan.edu.cn/new_organize/duiwai.htm
对外联络与发展处,综合办公室、基金会办公室,是,24306,,,,24306
对外联络与发展处,校董会秘书处,是,24306,,,,24306
对外联络与发展处,校友联络办公室,是,24929；24307,,,,24929；24307
对外联络与发展处,复旦人编辑部,是,22196,,,,22196
对外联络与发展处,捐赠工作办公室,是,24305；24930,,,,24305；24930
对外联络与发展处,管理学基金会秘书处,是,23501,,,,23501
对外联络与发展处,拓展办公室,是,24887,,,,24887
外国留学生工作处,电话,是,55664568；65642251,,,,55664568；65642251
外国留学生工作处,传真,是,65117298,,,,65117298
外国留学生工作处,网址,是,http://iso.fudan.edu.cn/,,,,http://iso.fudan.edu.cn/
外国留学生工作处,学历生事务（本科生）,是,65642258；65117628,,,,65642258；65117628
外国留学生工作处,学历生事务（研究生）,是,55664843,,,,55664843
外国留学生工作处,非学历生事务,是,65642250,,,,65642250
外国留学生工作处,奖学金事务,是,55664843,,,,55664843
外国留学生工作处,留学生公寓（邯郸校区）,是,65643413,,,,65643413
外国留学生工作处,学生综合事务（邯郸校区）,是,65643857,,,,65643857
外国留学生工作处,学生综合事务（枫林校区）,是,54237798；54237742,,,,54237798；54237742
财务处,电话,是,65642514（邯郸校区）；54237353（枫林校区）,,,,65642514（邯郸校区）；54237353（枫林校区）
财务处,传真,是,65649267（邯郸校区）；64037773（枫林校区）,,,,65649267（邯郸校区）；64037773（枫林校区）
财务处,地址,是,邯郸校区综合楼北一楼,,,,邯郸校区综合楼北一楼
财务处,网址,是,http://cwc.fudan.edu.cn,,,,http://cwc.fudan.edu.cn
财务处,出纳办公室（邯郸校区）,是,22513,,,,22513
财务处,出纳办公室（枫林校区）,是,37032,,,,37032
财务处,出纳办公室（张江校区）,是,51355028,,,,51355028
财务处,会计办公室（邯郸校区）,是,22503,,,,22503
财务处,会计办公室（枫林校区）,是,37005,,,,37005
财务处,一卡通服务电话（邯郸校区）,是,24868,,,,24868
财务处,一卡通服务电话（枫林校区）,是,37344,,,,37344
财务处,一卡通服务电话（张江校区）,是,51355600,,,,51355600
财务处,一卡通服务电话（江湾校区）,是,51630040,,,,51630040
审计处,电话,是,65642550,,,,65642550
审计处,传真,是,55664237,,,,55664237
审计处,地址,是,邯郸校区100号楼2楼；枫林校区1号楼4楼,,,,邯郸校区100号楼2楼；枫林校区1号楼4楼
审计处,处长办公室,是,22546,,,,22546
审计处,办公室主任室,是,22500,,,,22500
审计处,综合审计办公室,是,23771；25260,,,,23771；25260
审计处,工程审计办公室,是,24313；25610,,,,24313；25610
产业化与校产管理办公室,电话,是,65643881,,,,65643881
产业化与校产管理办公室,传真,是,65643881,,,,65643881
产业化与校产管理办公室,地址,是,邯郸校区100号楼（相辉堂大草坪旁）,,,,邯郸校区100号楼（相辉堂大草坪旁）
产业化与校产管理办公室,网址,是,http://cy.fudan.edu.cn/,,,,http://cy.fudan.edu.cn/
产业化与校产管理办公室,校产总支办公室,是,65643087-812,,,,65643087-812
产业化与校产管理办公室,综合管理部（邯郸校区）,是,23881；65119013,,,,23881；65119013
产业化与校产管理办公室,综合管理部（枫林校区）,是,37372；64042265,,,,37372；64042265
产业化与校产管理办公室,成果转化部,是,65643087-814,,,,65643087-814
产业化与校产管理办公室,大学生创业,是,65643087-814,,,,65643087-814
产业化与校产管理办公室,孵化器管理部,是,65643087-814,,,,65643087-814
产业化与校产管理办公室,科技园区管理,是,65643887-814,,,,65643887-814
产业化与校产管理办公室,资产经营公司办公室,是,55665171,,,,55665171
资产管理处,电话,是,65642437；54237028,,,,65642437；54237028
资产管理处,传真,是,65119568-102；54237029,,,,65119568-102；54237029
资产管理处,地址,是,邯郸校区500号楼一楼,,,,邯郸校区500号楼一楼
资产管理处,网址,是,http://www.zcglc.fudan.edu.cn,,,,http://www.zcglc.fudan.edu.cn
资产管理处,处长办公室（邯郸校区）,是,65642430,,,,65642430
资产管理处,副处长办公室（邯郸校区）,是,65642195,,,,65642195
资产管理处,副处长办公室（枫林校区）,是,54237132,,,,54237132
资产管理处,综合办公室（邯郸校区）,是,65642437,,,,65642437
资产管理处,综合办公室（枫林校区）,是,54237028,,,,54237028
资产管理处,实验室管理办公室（邯郸校区）,是,65642436；65642429,,,,65642436；65642429
资产管理处,实验室管理办公室（枫林校区）,是,54237132；54237133,,,,54237132；54237133
资产管理处,设备管理办公室（邯郸校区）,是,65642437；65119568,,,,65642437；65119568
资产管理处,设备管理办公室（枫林校区）,是,54237006；64037328,,,,54237006；64037328
资产管理处,房产管理办公室（邯郸校区）,是,65642927；65643898,,,,65642927；65643898
资产管理处,房产管理办公室（枫林校区）,是,54237336,,,,54237336
资产管理处,仪器设备报废登记（邯郸校区）,是,65642086,,,,65642086
资产管理处,仪器设备报废登记（枫林校区）,是,54237133,,,,54237133
资产管理处,废液回收（邯郸校区）,是,55664402,,,,55664402
资产管理处,废液回收（枫林校区）,是,54237132,,,,54237132
资产管理处,张江校区办公室,是,51355013,,,,51355013
退管会,电话,是,65643141；65643914；65642852；54237303,,,,65643141；65643914；65642852；54237303
退管会,传真,是,65103055,,,,65103055
退管会,地址,是,邯郸校区一号楼129室,,,,邯郸校区一号楼129室
退管会,网址,是,http://retiree.fudan.edu.cn/tgh/,,,,http://retiree.fudan.edu.cn/tgh/
总务处,电话,是,65643071；54237144,,,,65643071；54237144
总务处,传真,是,65645171,,,,65645171
总务处,地址,是,邯郸校区500号楼二楼（西首）,,,,邯郸校区500号楼二楼（西首）
总务处,网址,是,http://www.xyfw.fudan.edu.cn,,,,http://www.xyfw.fudan.edu.cn
总务处,办公室,是,23071,,,,23071
总务处,财务室,是,23075,,,,23075
总务处,枫林校区办公室,是,37144,,,,37144
基建处,电话,是,65643351,,,,65643351
基建处,传真,是,65645601,,,,65645601
基建处,地址,是,邯郸校区本部食堂四楼,,,,邯郸校区本部食堂四楼
基建处,网址,是,http://www.jijian.fudan.edu.cn,,,,http://www.jijian.fudan.edu.cn
基建处,枫林建设管理部,是,37084,,,,37084
基建处,江湾建设管理部,是,51630038,,,,51630038
基建处,邯郸、张江建设管理部,是,23330,,,,23330
基建处,综合管理部,是,23356,,,,23356
基建处,技术与前期建设管理部,是,23350,,,,23350
枫林校区管理委员会办公室,电话,是,37503；64037268（直线）,,,,37503；64037268（直线）
江湾校区管理委员会办公室,电话,是,51630011,,,,51630011
江湾校区管理委员会办公室,传真,是,51630000,,,,51630000
江湾校区管理委员会办公室,地址,是,江湾校区行政楼2楼,,,,江湾校区行政楼2楼
江湾校区管理委员会办公室,网址,是,http://www.jwb.fudan.edu.cn/,,,,http://www.jwb.fudan.edu.cn/
江湾校区管理委员会办公室,行政管理办公室,是,51630011,,,,51630011
江湾校区管理委员会办公室,校园管理办公室,是,51630015,,,,51630015
江湾校区管理委员会办公室,资产管理办公室,是,51630012,,,,51630012
江湾校区管理委员会办公室,综合保障办公室,是,51630021,,,,51630021
张江校区管理委员会办公室,电话,是,51355003,,,,51355003
张江校区管理委员会办公室,传真,是,51355000,,,,51355000
张江校区管理委员会办公室,地址,是,浦东新区张衡路825号,,,,浦东新区张衡路825号
张江校区管理委员会办公室,网址,是,http://www.zjb.fudan.edu.cn,,,,http://www.zjb.fudan.edu.cn
张江校区管理委员会办公室,管委会副主任（主持工作）办公室,是,51355178,,,,51355178
张江校区管理委员会办公室,管委会副主任办公室,是,51355007；51355009,,,,51355007；51355009
张江校区管理委员会办公室,行政办公室,是,51355030,,,,51355030
张江校区管理委员会办公室,对外接待,是,51355003,,,,51355003
张江校区管理委员会办公室,综合保障办公室,是,51355006；51355027,,,,51355006；51355027
复旦学院,电话,是,55664915,,,,55664915
复旦学院,传真,是,55664925,,,,55664925
复旦学院,地址,是,邯郸校区10号楼二楼,,,,邯郸校区10号楼二楼
复旦学院,网址,是,http://www.fdcollege.fudan.edu.cn/,,,,http://www.fdcollege.fudan.edu.cn/
复旦学院,综合办公室,是,24915；24897,,,,24915；24897
复旦学院,教学办公室,是,24914；24918,,,,24914；24918
复旦学院,导师办公室,是,24919；24898,,,,24919；24898
复旦学院,通识教育研究中心,是,24917,,,,24917
复旦学院,研究与编辑室,是,24272,,,,24272
复旦学院,学生工作办公室,是,23527；24913,,,,23527；24913
复旦学院,团委办公室,是,22950,,,,22950
复旦学院,任重书院学工组,是,24240,,,,24240
复旦学院,克卿书院学工组,是,23948,,,,23948
复旦学院,腾飞书院学工组,是,24886,,,,24886
复旦学院,志德书院学工组,是,24922,,,,24922
中国语言文学系,电话,是,65642301；65643246,,,,65642301；65643246
中国语言文学系,传真,是,65649143,,,,65649143
中国语言文学系,地址,是,邯郸校区光华楼西主楼,,,,邯郸校区光华楼西主楼
中国语言文学系,网址,是,http://chinese.fudan.edu.cn,,,,http://chinese.fudan.edu.cn
中国语言文学系,办公室,是,23246；22301,,,,23246；22301
中国语言文学系,党总支,是,22300,,,,22300
中国语言文学系,系主任办公室,是,22689；22220,,,,22689；22220
中国语言文学系,本科生教务,是,22302,,,,22302
中国语言文学系,研究生教务,是,23246,,,,23246
中国语言文学系,学生工作,是,22543,,,,22543
中国语言文学系,资料室,是,22305,,,,22305
中国语言文学系,语文所所长室,是,22308,,,,22308
中国语言文学系,语音实验室,是,25204,,,,25204
中国语言文学系,语文所资料室,是,22307,,,,22307
中国语言文学系,网络信息中心,是,25001,,,,25001
中国语言文学系,博士后流动站,是,23454,,,,23454
古籍所,电话,是,65642303,,,,65642303
古籍所,传真,是,65103041,,,,65103041
古籍所,办公室,是,22303,,,,22303
古籍所,所长室,是,22304,,,,22304
古籍所,研工室,是,24048,,,,24048
古籍所,研秘室,是,24047,,,,24047
历史学系,电话,是,65642717,,,,65642717
历史学系,传真,是,55664027,,,,55664027
历史学系,地址,是,邯郸校区光华楼西主楼18-20层,,,,邯郸校区光华楼西主楼18-20层
历史学系,网址,是,http://history.fudan.edu.cn/,,,,http://history.fudan.edu.cn/
历史学系,办公室,是,22717,,,,22717
历史学系,党总支,是,22710,,,,22710
历史学系,系主任办公室,是,22712,,,,22712
历史学系,学生工作,是,24045,,,,24045
旅游学系,电话,是,65642717,,,,65642717
旅游学系,传真,是,55664027,,,,55664027
旅游学系,地址,是,邯郸校区光华楼西主楼18-20层,,,,邯郸校区光华楼西主楼18-20层
旅游学系,网址,是,http://tourism.fudan.edu.cn/,,,,http://tourism.fudan.edu.cn/
旅游学系,办公室,是,22717,,,,22717
哲学学院,电话,是,65642731,,,,65642731
哲学学院,传真,是,65642732,,,,65642732
哲学学院,地址,是,邯郸校区光华楼西主楼23楼至26楼,,,,邯郸校区光华楼西主楼23楼至26楼
哲学学院,网址,是,http://philosophy.fudan.edu.cn/,,,,http://philosophy.fudan.edu.cn/
哲学学院,行政办公室,是,22731,,,,22731
哲学学院,人事秘书,是,22730,,,,22730
哲学学院,财务秘书,是,25057,,,,25057
哲学学院,科研/博士后秘书,是,23282,,,,23282
哲学学院,本科生教务,是,23281,,,,23281
哲学学院,研究生教务,是,22675,,,,22675
哲学学院,研究生工作组,是,23280,,,,23280
哲学学院,本科生工作组,是,23284,,,,23284
哲学学院,学生工作办公室,是,22623,,,,22623
哲学学院,发展办公室,是,22600,,,,22600
哲学学院,学院资料室,是,22736,,,,22736
哲学学院,基地办公室,是,25645,,,,25645
哲学学院,基地资料室,是,23251,,,,23251
文物与博物馆学系,电话,是,65643739,,,,65643739
文物与博物馆学系,传真,是,65649667,,,,65649667
文物与博物馆学系,地址,是,邯郸校区200号楼（简公堂）,,,,邯郸校区200号楼（简公堂）
文物与博物馆学系,网址,是,http://www.chm.fudan.edu.cn/,,,,http://www.chm.fudan.edu.cn/
文物与博物馆学系,办公室,是,23739,,,,23739
文物与博物馆学系,系主任办公室,是,65649667,,,,65649667
文物与博物馆学系,教学办公室（研究生）,是,23815,,,,23815
文物与博物馆学系,本科生/研究生教务,是,23151,,,,23151
文物与博物馆学系,值班室,是,23015,,,,23015
文物与博物馆学系,资料室,是,23151,,,,23151
文物与博物馆学系,复旦大学博物馆,是,22170,,,,22170
外国语言文学学院,电话,是,65642701,,,,65642701
外国语言文学学院,传真,是,65651147,,,,65651147
外国语言文学学院,地址,是,邯郸校区文科楼2-4楼,,,,邯郸校区文科楼2-4楼
外国语言文学学院,网址,是,http://dfll.fudan.edu.cn/,,,,http://dfll.fudan.edu.cn/
外国语言文学学院,办公室,是,65642701,,,,65642701
外国语言文学学院,党委办公室,是,65642700,,,,65642700
外国语言文学学院,院长办公室,是,65642702,,,,65642702
外国语言文学学院,本科生教务,是,65642094,,,,65642094
外国语言文学学院,研究生教务,是,65642692,,,,65642692
外国语言文学学院,德语语言文学系,是,65642095,,,,65642095
外国语言文学学院,俄语语言文学系,是,65642104,,,,65642104
外国语言文学学院,法语语言文学系,是,65642096,,,,65642096
外国语言文学学院,韩语语言文学系,是,65643482,,,,65643482
外国语言文学学院,日语语言文学系,是,65642107,,,,65642107
外国语言文学学院,外国文学研究所,是,65642103,,,,65642103
外国语言文学学院,现代英语研究所,是,65642097,,,,65642097
外国语言文学学院,英语语言文学系,是,55664409,,,,55664409
外国语言文学学院,大学英语教学部,是,65642704,,,,65642704
新闻学院,电话,是,65642317,,,,65642317
新闻学院,传真,是,65644784,,,,65644784
新闻学院,地址,是,上海市邯郸路220号,,,,上海市邯郸路220号
新闻学院,网址,是,http://www.xwxy.fudan.edu.cn/,,,,http://www.xwxy.fudan.edu.cn/
新闻学院,对外合作办学办公室,是,23631,,,,23631
新闻学院,国际交流办公室,是,24686,,,,24686
新闻学院,学生工作组,是,22310,,,,22310
新闻学院,门卫值班室,是,24688,,,,24688
新闻学院,研究生秘书办公室,是,23752,,,,23752
新闻学院,行政办公室,是,22317,,,,22317
新闻学院,教务办公室,是,24699,,,,24699
新闻学院,办公室主任室,是,24698,,,,24698
新闻学院,新闻传播985基地办公室,是,24202,,,,24202
新闻学院,信息与传播研究中心办公室,是,23743,,,,23743
新闻学院,舆情调查中心,是,24691,,,,24691
新闻学院,采编实验室、机房,是,22246,,,,22246
新闻学院,校董办公室,是,24706,,,,24706
新闻学院,资料室,是,23630,,,,23630
新闻学院,网络机房,是,24701,,,,24701
新闻学院,广电实验室,是,22315,,,,22315
法学院,电话,是,51630111,,,,51630111
法学院,传真,是,51630112,,,,51630112
法学院,地址,是,上海市淞沪路2005号复旦大学法学院,,,,上海市淞沪路2005号复旦大学法学院
法学院,网址,是,http://www.law.fudan.edu.cn/,,,,http://www.law.fudan.edu.cn/
法学院,行政办公室,是,51630111；51630113,,,,51630111；51630113
法学院,党委办公室,是,51630122,,,,51630122
法学院,院长办公室,是,51630088,,,,51630088
法学院,本科教学办公室,是,51630119,,,,51630119
法学院,研究生教学办公室,是,51630120,,,,51630120
法学院,学生工作办公室（本科生）,是,51630115,,,,51630115
法学院,学生工作办公室（研究生）,是,51630115,,,,51630115
法学院,法律硕士研究生办公室,是,51630115；51630116；51630117,,,,51630115；51630116；51630117
法学院,《当代法学研究》编辑部,是,51630121,,,,51630121
国际关系与公共事务学院,电话,是,55664129；55664295,,,,55664129；55664295
国际关系与公共事务学院,传真,是,65647267,,,,65647267
国际关系与公共事务学院,地址,是,邯郸校区文科楼6-8楼,,,,邯郸校区文科楼6-8楼
国际关系与公共事务学院,网址,是,http://www.sirpa.fudan.edu.cn/,,,,http://www.sirpa.fudan.edu.cn/
国际关系与公共事务学院,行政办公室,是,55664129；55664295,,,,55664129；55664295
国际关系与公共事务学院,党委办公室,是,65642321；55665340,,,,65642321；55665340
国际关系与公共事务学院,教务办公室（本科生）,是,55664294,,,,55664294
国际关系与公共事务学院,教务办公室（研究生）,是,65642323,,,,65642323
国际关系与公共事务学院,教务办公室（留学生）,是,55665488,,,,55665488
国际关系与公共事务学院,学生工作（本科生）,是,65642325,,,,65642325
国际关系与公共事务学院,学生工作（研究生）,是,65642562,,,,65642562
国际关系与公共事务学院,科研服务中心,是,55662309,,,,55662309
国际关系与公共事务学院,博士后办公室,是,55665340,,,,55665340
国际关系与公共事务学院,培训部办公室,是,65642322；55664375,,,,65642322；55664375
国际关系与公共事务学院,MPA办公室,是,65642561；65644501,,,,65642561；65644501
国际关系与公共事务学院,资料中心,是,65642462,,,,65642462
国际关系与公共事务学院,文印收发室,是,65642324,,,,65642324
国际问题研究院,电话,是,55664940,,,,55664940
国际问题研究院,传真,是,55664941,,,,55664941
国际问题研究院,地址,是,邯郸校区文科大楼307室,,,,邯郸校区文科大楼307室
国际问题研究院,网址,是,http://www.iis.fudan.edu.cn,,,,http://www.iis.fudan.edu.cn
国际问题研究院,美国研究中心,是,65642269,,,,65642269
国际问题研究院,美研图书室,是,65642265,,,,65642265
国际问题研究院,日本研究中心,是,65642577,,,,65642577
国际问题研究院,日研图书室,是,65642579,,,,65642579
国际问题研究院,韩国研究中心,是,65643484,,,,65643484
国际问题研究院,俄罗斯研究中心,是,55664939,,,,55664939
国际问题研究院,上海合作组织研究中心,是,55664939,,,,55664939
国际问题研究院,联合国研究中心,是,55664941,,,,55664941
国际问题研究院,南亚研究中心,是,55664942,,,,55664942
国际问题研究院,巴基斯坦研究中心,是,55664942,,,,55664942
国际问题研究院,欧洲中心政治部,是,55665496,,,,55665496
国际问题研究院,拉丁美洲研究室,是,55664938,,,,55664938
国际问题研究院,欧洲研究中心,是,65642668,,,,65642668
社会发展与公共政策学院,电话,是,65642735,,,,65642735
社会发展与公共政策学院,传真,是,65107274,,,,65107274
社会发展与公共政策学院,地址,是,邯郸校区文科楼9-11楼,,,,邯郸校区文科楼9-11楼
社会发展与公共政策学院,网址,是,http://www.ssdpp.fudan.edu.cn/,,,,http://www.ssdpp.fudan.edu.cn/
社会发展与公共政策学院,办公室,是,22735,,,,22735
社会发展与公共政策学院,分党委书记办公室,是,24096,,,,24096
社会发展与公共政策学院,分党委副书记办公室,是,25391,,,,25391
社会发展与公共政策学院,院长办公室,是,24676,,,,24676
社会发展与公共政策学院,副院长办公室,是,23487；25538；25539,,,,23487；25538；25539
社会发展与公共政策学院,本科生教务,是,23053,,,,23053
社会发展与公共政策学院,研究生办公室,是,24713,,,,24713
社会发展与公共政策学院,学工组办公室,是,23492,,,,23492
社会发展与公共政策学院,研工组办公室,是,23053,,,,23053
社会发展与公共政策学院,财务、科研办公室,是,23051,,,,23051
社会发展与公共政策学院,心理实验室,是,22930,,,,22930
社会发展与公共政策学院,基地办公室,是,25364,,,,25364
社会发展与公共政策学院,人口研究所所长办公室,是,25385,,,,25385
社会发展与公共政策学院,社会工作系副主任办公室,是,25393,,,,25393
社会发展与公共政策学院,社会管理与社会政策系主任办公室,是,23052,,,,23052
社会发展与公共政策学院,社会学系副主任办公室,是,25378,,,,25378
社会发展与公共政策学院,社会学系主任办公室,是,24224,,,,24224
社会发展与公共政策学院,心理学系副主任办公室,是,25486,,,,25486
社会发展与公共政策学院,心理学系主任办公室,是,25389,,,,25389
社会发展与公共政策学院,资料室,是,24713,,,,24713
经济学院,电话,是,65643135,,,,65643135
经济学院,传真,是,65647719,,,,65647719
经济学院,地址,是,杨浦区国权路600号,,,,杨浦区国权路600号
经济学院,网址,是,http://www.econ.fudan.edu.cn/,,,,http://www.econ.fudan.edu.cn/
经济学院,院务办公室,是,23135,,,,23135
经济学院,党委办公室,是,22720,,,,22720
经济学院,本科生教务室,是,22330,,,,22330
经济学院,研究生教务室,是,22331,,,,22331
经济学院,专业学位办公室,是,22870,,,,22870
经济学院,学工组（本科生）,是,23970,,,,23970
经济学院,学工组（研究生）,是,23132,,,,23132
经济学院,科研办公室,是,22721；24891,,,,22721；24891
经济学院,外事与国际合作办公室,是,25631；24890,,,,25631；24890
经济学院,高级研修中心,是,23896；24219,,,,23896；24219
经济学院,校友工作,是,25306,,,,25306
经济学院,退休工作,是,22122,,,,22122
经济学院,经济系,是,22723,,,,22723
经济学院,国际金融系,是,23134,,,,23134
经济学院,金融研究院,是,65643820,,,,65643820
经济学院,世界经济系,是,23137,,,,23137
经济学院,保险系,是,23138,,,,23138
经济学院,公共经济学系,是,23530,,,,23530
经济学院,中国经济研究中心,是,23054,,,,23054
经济学院,世界经济研究所,是,23332,,,,23332
经济学院,《世界经济文汇》编辑部,是,23131,,,,23131
经济学院,文献与数据中心,是,23132,,,,23132
经济学院,实验室,是,23132,,,,23132
经济学院,财务室,是,23198,,,,23198
管理学院,电话,是,65642415,,,,65642415
管理学院,传真,是,65103060,,,,65103060
管理学院,地址,是,上海市杨浦区国顺路670号,,,,上海市杨浦区国顺路670号
管理学院,网址,是,http://www.fdsm.fudan.edu.cn/,,,,http://www.fdsm.fudan.edu.cn/
管理学院,办公室,是,22415；22413；22116；22117；23156；23157,,,,22415；22413；22116；22117；23156；23157
管理学院,党委办公室,是,22126,,,,22126
管理学院,财务金融系办公室,是,25011073,,,,25011073
管理学院,产业经济学系办公室,是,25011100,,,,25011100
管理学院,管理科学系办公室,是,25011163,,,,25011163
管理学院,信息管理与信息系统系办公室,是,25011223,,,,25011223
管理学院,会计学系办公室,是,25011103,,,,25011103
管理学院,企业管理系办公室,是,25011133,,,,25011133
管理学院,市场营销系办公室,是,25011193,,,,25011193
管理学院,统计学系办公室,是,25011220,,,,25011220
管理学院,教学管理办公室（含本硕博）,是,22558；65648487,,,,22558；65648487
管理学院,师资建设办公室,是,22410；24628,,,,22410；24628
管理学院,科研管理办公室,是,65115428,,,,65115428
管理学院,行政人事办公室,是,65101753,,,,65101753
管理学院,学生工作组,是,22552,,,,22552
管理学院,研究生工作组,是,65644528,,,,65644528
管理学院,高级管理人员发展中心暨复旦管理咨询公司,是,25011037；65115758；22417；24907,,,,25011037；65115758；22417；24907
管理学院,国际合作与交流办公室,是,23729,,,,23729
管理学院,复旦MBA项目,是,65644262；24783；24801,,,,65644262；24783；24801
管理学院,复旦EMBA项目,是,24800；24764,,,,24800；24764
管理学院,复旦MPAcc项目,是,24749；24732；24799,,,,24749；24732；24799
管理学院,复旦-华盛顿EMBA项目,是,24745；65644263,,,,24745；65644263
管理学院,沪港IMBA项目,是,24722；24727,,,,24722；24727
管理学院,复旦-挪威MBA,是,24759；24779,,,,24759；24779
管理学院,管理教育推广和发展中心,是,24647；24888,,,,24647；24888
管理学院,《研究与发展管理》杂志社,是,23679,,,,23679
管理学院,财务办公室,是,23645,,,,23645
管理学院,图书馆,是,55664766；55664792,,,,55664766；55664792
艺术教育中心,电话,是,65642618,,,,65642618
艺术教育中心,传真,是,65642618,,,,65642618
艺术教育中心,地址,是,邯郸校区文科楼8楼,,,,邯郸校区文科楼8楼
艺术教育中心,网址,是,http://www.yjzx.fudan.edu.cn/,,,,http://www.yjzx.fudan.edu.cn/
艺术教育中心,行政办公室,是,22618,,,,22618
艺术教育中心,主任办公室,是,24099,,,,24099
艺术设计系,电话,是,55664378,,,,55664378
艺术设计系,传真,是,55664380,,,,55664380
艺术设计系,地址,是,邯郸校区750号楼,,,,邯郸校区750号楼
高等教育研究所,电话,是,65642245,,,,65642245
高等教育研究所,传真,是,65643505,,,,65643505
高等教育研究所,地址,是,邯郸校区本部食堂四楼,,,,邯郸校区本部食堂四楼
高等教育研究所,网址,是,http://www.ihe.fudan.edu.cn,,,,http://www.ihe.fudan.edu.cn
高等教育研究所,行政办公室,是,22245,,,,22245
高等教育研究所,人事办公室,是,24241,,,,24241
高等教育研究所,外事办公室,是,24241,,,,24241
高等教育研究所,研究生工作办公室,是,23505,,,,23505
高等教育研究所,资料室,是,22245,,,,22245
高等教育研究所,《复旦教育论坛》编辑部,是,24241,,,,24241
数学科学学院,电话,是,65642341；65643045,,,,65642341；65643045
数学科学学院,传真,是,65646073,,,,65646073
数学科学学院,地址,是,邯郸校区光华楼东主楼,,,,邯郸校区光华楼东主楼
数学科学学院,网址,是,http://math.fudan.edu.cn/,,,,http://math.fudan.edu.cn/
数学科学学院,办公室,是,22341；23045,,,,22341；23045
数学科学学院,本科生教务,是,22344,,,,22344
数学科学学院,本科生学生工作,是,22342,,,,22342
数学科学学院,党总支办公室,是,22340,,,,22340
数学科学学院,研究生教务,是,23046,,,,23046
数学科学学院,研究生学生工作,是,22342,,,,22342
数学科学学院,中法应用数学研究所,是,65642469,,,,65642469
物理学系,电话,是,65642361,,,,65642361
物理学系,传真,是,65104949,,,,65104949
物理学系,地址,是,邯郸校区物理楼,,,,邯郸校区物理楼
物理学系,网址,是,http://www.physics.fudan.edu.cn/,,,,http://www.physics.fudan.edu.cn/
物理学系,行政办公室,是,22361,,,,22361
物理学系,党总支办公室,是,23788,,,,23788
物理学系,系主任办公室,是,22360,,,,22360
物理学系,教务室,是,22364,,,,22364
物理学系,学生工作组,是,24005,,,,24005
物理学系,物理教学实验中心,是,22371,,,,22371
物理学系,应用表面物理国家重点实验室,是,24571,,,,24571
物理学系,复印室,是,22958,,,,22958
物理学系,资料室,是,22363,,,,22363
化学系,电话,是,65642791,,,,65642791
化学系,传真,是,65641740,,,,65641740
化学系,地址,是,上海市邯郸路220号,,,,上海市邯郸路220号
化学系,网址,是,http://www.chemistry.fudan.edu.cn/,,,,http://www.chemistry.fudan.edu.cn/
化学系,行政办公室,是,22791,,,,22791
化学系,系主任办公室,是,24410,,,,24410
化学系,分党委办公室,是,22790,,,,22790
化学系,人事秘书,是,22790,,,,22790
化学系,科研秘书,是,22796,,,,22796
化学系,研究生秘书,是,22798,,,,22798
化学系,本科生秘书,是,22794,,,,22794
化学系,学科秘书,是,22978,,,,22978
化学系,系主任秘书,是,24410,,,,24410
化学系,学生工作组,是,23978,,,,23978
化学系,研工组长,是,25248,,,,25248
化学系,学工组长,是,22401,,,,22401
化学系,本科生教务,是,22794,,,,22794
化学系,研究生教务,是,22798,,,,22798
化学系,系工会,是,24475,,,,24475
化学系,复旦大学化学教学实验中心,是,23819,,,,23819
化学系,上海市分子催化和功能材料重点实验室,是,22987,,,,22987
高分子科学系,电话,是,65642861,,,,65642861
高分子科学系,传真,是,65640293,,,,65640293
高分子科学系,地址,是,邯郸校区跃进楼,,,,邯郸校区跃进楼
高分子科学系,网址,是,http://www.polymer.fudan.edu.cn,,,,http://www.polymer.fudan.edu.cn
高分子科学系,办公室,是,22861,,,,22861
高分子科学系,分党委办公室,是,22859,,,,22859
高分子科学系,分党委书记办公室 35311854（内线,是,21854）,,,,21854）
高分子科学系,系主任办公室,是,23255,,,,23255
高分子科学系,本科生教务,是,22862,,,,22862
高分子科学系,研究生教务,是,65644417（直线）,,,,65644417（直线）
高分子科学系,学工组,是,23415,,,,23415
高分子科学系,研工组,是,22218,,,,22218
高分子科学系,科研秘书,是,23412,,,,23412
高分子科学系,聚合物分子工程国家重点实验室,是,23412,,,,23412
高分子科学系,公共仪器室,是,55664037；65642860,,,,55664037；65642860
力学与工程科学系,电话,是,65642741,,,,65642741
力学与工程科学系,传真,是,65642742,,,,65642742
力学与工程科学系,地址,是,上海市邯郸路220号（近老校门）,,,,上海市邯郸路220号（近老校门）
力学与工程科学系,网址,是,http://www.mech.fudan.edu.cn/,,,,http://www.mech.fudan.edu.cn/
力学与工程科学系,办公室,是,22741,,,,22741
力学与工程科学系,党总支办公室,是,22739,,,,22739
力学与工程科学系,系主任办公室,是,23810,,,,23810
力学与工程科学系,本科生教学秘书,是,22741,,,,22741
力学与工程科学系,研究生教学秘书,是,22741,,,,22741
力学与工程科学系,学工组,是,24225,,,,24225
力学与工程科学系,研工组,是,22587,,,,22587
力学与工程科学系,科研秘书,是,22741,,,,22741
力学与工程科学系,培训部,是,22747,,,,22747
材料科学系,电话,是,65642381,,,,65642381
材料科学系,传真,是,65643685,,,,65643685
材料科学系,地址,是,邯郸校区材料一楼、材料二楼、先进材料楼；张江校区微分析楼,,,,邯郸校区材料一楼、材料二楼、先进材料楼；张江校区微分析楼
材料科学系,网址,是,http://mse.fudan.edu.cn/,,,,http://mse.fudan.edu.cn/
材料科学系,办公室,是,22381,,,,22381
材料科学系,分党委,是,22380,,,,22380
材料科学系,系主任办公室,是,23795,,,,23795
材料科学系,本科生教务,是,22379,,,,22379
材料科学系,研究生教学秘书,是,23648,,,,23648
材料科学系,学生工作组,是,24598,,,,24598
材料科学系,研究生学生工作,是,23261,,,,23261
材料科学系,科研秘书,是,22381,,,,22381
材料科学系,国家微分析中心（邯郸校区办公室）,是,23256,,,,23256
材料科学系,国家微分析中心（张江校区办公室）,是,51355488,,,,51355488
材料科学系,教育部先进涂料工程研究中心,是,23795,,,,23795
信息科学与工程学院,电话,是,65643114,,,,65643114
信息科学与工程学院,传真,是,65643114,,,,65643114
信息科学与工程学院,地址,是,邯郸校区恒隆物理楼一楼,,,,邯郸校区恒隆物理楼一楼
信息科学与工程学院,网址,是,http://www.it.fudan.edu.cn/,,,,http://www.it.fudan.edu.cn/
信息科学与工程学院,行政办公室,是,23114；23143,,,,23114；23143
信息科学与工程学院,党委办公室,是,23196,,,,23196
信息科学与工程学院,学生工作办公室,是,24062；22750,,,,24062；22750
信息科学与工程学院,教学办公室,是,23200；22377；22757；55664260,,,,23200；22377；22757；55664260
信息科学与工程学院,科技办公室,是,23149；24456,,,,23149；24456
信息科学与工程学院,工程硕士办公室,是,24457；25580；24458,,,,24457；25580；24458
信息科学与工程学院,电子工程系,是,22751,,,,22751
信息科学与工程学院,光科学与工程系,是,22374,,,,22374
信息科学与工程学院,光源与照明工程系,是,22771,,,,22771
信息科学与工程学院,通信科学与工程系,是,22761,,,,22761
信息科学与工程学院,微电子学系,是,23438,,,,23438
信息科学与工程学院,微电子研究院,是,51355288,,,,51355288
信息科学与工程学院,专用集成电路和系统国家重点实验室,是,51355200-838,,,,51355200-838
微电子研究院,电话,是,51355288,,,,51355288
微电子研究院,传真,是,51355287,,,,51355287
微电子研究院,地址,是,上海市浦东新区张衡路825号,,,,上海市浦东新区张衡路825号
微电子研究院,网址,是,http://sme.fudan.edu.cn,,,,http://sme.fudan.edu.cn
微电子研究院,研究院办公室,是,51355288,,,,51355288
微电子研究院,招生咨询,是,51355281；51355288,,,,51355281；51355288
微电子研究院,工程硕士办公室,是,51355222,,,,51355222
微电子研究院,总机,是,51355200～51355209,,,,51355200～51355209
计算机科学技术学院,电话,是,55665535,,,,55665535
计算机科学技术学院,传真,是,55665527,,,,55665527
计算机科学技术学院,地址,是,上海市邯郸路220号,,,,上海市邯郸路220号
计算机科学技术学院,网址,是,http://www.cs.fudan.edu.cn/,,,,http://www.cs.fudan.edu.cn/
计算机科学技术学院,行政办公室,是,51355555-21,,,,51355555-21
计算机科学技术学院,党委办公室,是,51355555-27,,,,51355555-27
计算机科学技术学院,教学办公室,是,51355555-17,,,,51355555-17
计算机科学技术学院,学生工作办公室,是,51355555-15,,,,51355555-15
计算机科学技术学院,专业学位办公室,是,24335,,,,24335
生命科学学院,电话,是,65642421；65642801,,,,65642421；65642801
生命科学学院,传真,是,55664388,,,,55664388
生命科学学院,地址,是,邯郸校区立人生物楼（第三教学楼北面）,,,,邯郸校区立人生物楼（第三教学楼北面）
生命科学学院,网址,是,http://life.fudan.edu.cn/,,,,http://life.fudan.edu.cn/
生命科学学院,办公室,是,22801,,,,22801
生命科学学院,分党委,是,22812,,,,22812
生命科学学院,院长办公室,是,22800,,,,22800
生命科学学院,本科生教务、教学,是,22804,,,,22804
生命科学学院,研究生教务、教学,是,22633,,,,22633
生命科学学院,院科研,是,23794,,,,23794
生命科学学院,学生工作组,是,22807,,,,22807
生命科学学院,发育生物学研究所,是,23718-202,,,,23718-202
生命科学学院,进化生物学研究中心,是,23494,,,,23494
生命科学学院,生理学和生物物理学系,是,24711,,,,24711
生命科学学院,生态与进化生物学系,是,23668,,,,23668
生命科学学院,生物多样性和生态工程教育部重点实验室,是,24436,,,,24436
生命科学学院,生物多样性科学研究所,是,22178,,,,22178
生命科学学院,生物化学系,是,25673,,,,25673
生命科学学院,生物技术中心,是,22815,,,,22815
生命科学学院,微生物学和微生物工程系,是,24332,,,,24332
生命科学学院,现代人类学教育部重点实验室,是,25499,,,,25499
生命科学学院,遗传工程国家重点实验室,是,23954,,,,23954
生命科学学院,遗传学和遗传工程系,是,23716,,,,23716
生命科学学院,遗传学研究所,是,24543,,,,24543
环境科学与工程系,电话,是,22781,,,,22781
环境科学与工程系,传真,是,65643597,,,,65643597
环境科学与工程系,地址,是,邯郸校区材料一楼北面,,,,邯郸校区材料一楼北面
环境科学与工程系,网址,是,http://environment.fudan.edu.cn/,,,,http://environment.fudan.edu.cn/
环境科学与工程系,办公室,是,22781,,,,22781
环境科学与工程系,分党委,是,25633,,,,25633
环境科学与工程系,系主任办公室,是,24513,,,,24513
环境科学与工程系,本科生秘书,是,23741,,,,23741
环境科学与工程系,研究生秘书,是,23741,,,,23741
环境科学与工程系,本科生学生工作,是,23254,,,,23254
环境科学与工程系,研究生学生工作,是,22530,,,,22530
环境科学与工程系,科研秘书,是,24244,,,,24244
软件学院,电话,是,51355355；65644335,,,,51355355；65644335
软件学院,传真,是,51355358；55664338,,,,51355358；55664338
软件学院,地址,是,浦东新区张衡路825号；杨浦区邯郸路220号,,,,浦东新区张衡路825号；杨浦区邯郸路220号
软件学院,网址,是,http://www.software.fudan.edu.cn/,,,,http://www.software.fudan.edu.cn/
现代物理研究所/核科学与技术系,电话,是,65642787,,,,65642787
现代物理研究所/核科学与技术系,传真,是,65642787,,,,65642787
现代物理研究所/核科学与技术系,地址,是,邯郸校区材料一楼北面,,,,邯郸校区材料一楼北面
现代物理研究所/核科学与技术系,网址,是,http://imp.fudan.edu.cn/,,,,http://imp.fudan.edu.cn/
现代物理研究所/核科学与技术系,办公室,是,22782,,,,22782
现代物理研究所/核科学与技术系,党支部,是,22782,,,,22782
现代物理研究所/核科学与技术系,所长办公室,是,22090,,,,22090
现代物理研究所/核科学与技术系,研究生秘书,是,22787,,,,22787
现代物理研究所/核科学与技术系,科研秘书,是,22787,,,,22787
现代物理研究所/核科学与技术系,本科生学生工作,是,22329,,,,22329
现代物理研究所/核科学与技术系,研究生学生工作,是,22329,,,,22329
现代物理研究所/核科学与技术系,资料室,是,22783,,,,22783
现代物理研究所/核科学与技术系,应用离子束物理教育部重点实验室,是,23697,,,,23697
上海医学院,电话,是,54237308,,,,54237308
上海医学院,传真,是,64179832,,,,64179832
上海医学院,地址,是,上海市徐汇区医学院路138号,,,,上海市徐汇区医学院路138号
上海医学院,网址,是,http://shmc.shmu.edu.cn/,,,,http://shmc.shmu.edu.cn/
上海医学院,医学院办公室,是,37308；37341,,,,37308；37341
上海医学院,医学院党委办公室,是,37310,,,,37310
上海医学院,本科生教学管理办公室,是,37306,,,,37306
上海医学院,医学教育研究室,是,37068,,,,37068
上海医学院,科研管理办公室,是,37305,,,,37305
上海医学院,研究生管理办公室,是,37284；37667,,,,37284；37667
上海医学院,本科生工作组,是,37740,,,,37740
上海医学院,研究生工作组,是,37780,,,,37780
上海医学院,学科建设办公室,是,37141,,,,37141
上海医学院,上医校友会办公室,是,37741,,,,37741
上海医学院,中西医结合系,是,37526,,,,37526
上海医学院,解剖与组织胚胎学系,是,64178210；37151；37019；37027,,,,64178210；37151；37019；37027
上海医学院,病理学系,是,37617；37596；37527,,,,37617；37596；37527
上海医学院,生理与病理生理学系,是,37623；37612,,,,37623；37612
上海医学院,药理学系,是,37043；37228；37690；37103；37380,,,,37043；37228；37690；37103；37380
上海医学院,药理研究中心,是,37622；37621；37680,,,,37622；37621；37680
上海医学院,生物化学与分子生物学系,是,37290；37198；37800,,,,37290；37198；37800
上海医学院,基因研究中心,是,37332；37795,,,,37332；37795
上海医学院,细胞与遗传医学系,是,37091；37311,,,,37091；37311
上海医学院,免疫学系,是,37324；37093,,,,37324；37093
上海医学院,病原生物学系,是,37359；37775,,,,37359；37775
上海医学院,法医学系,是,37569；37401；37402,,,,37569；37401；37402
上海医学院,医学神经生物学国家重点实验室,是,37437；37398,,,,37437；37398
上海医学院,神经生物学系,是,37652,,,,37652
上海医学院,分子病毒实验室,是,37669；37602,,,,37669；37602
上海医学院,P3实验室,是,37286,,,,37286
上海医学院,电镜室,是,37209；37689,,,,37209；37689
上海医学院,数字医学研究中心,是,37054；37797,,,,37054；37797
上海医学院,基础医学实验教学中心,是,37462,,,,37462
上海医学院,功能学科教学实验室,是,37026,,,,37026
上海医学院,形态学科教学实验室,是,37117,,,,37117
上海医学院,临床技能学习中心,是,37920,,,,37920
上海医学院,分子生物学教学实验室,是,37329,,,,37329
药学院,电话,是,51980001,,,,51980001
药学院,传真,是,51980001,,,,51980001
药学院,地址,是,上海浦东新区张衡路826号,,,,上海浦东新区张衡路826号
药学院,网址,是,http://spfdu.fudan.edu.cn/,,,,http://spfdu.fudan.edu.cn/
药学院,党委办公室,是,51980009,,,,51980009
药学院,院长办公室,是,51980001,,,,51980001
药学院,工会办公室,是,51980004,,,,51980004
药学院,教学办公室（本科生）,是,51980019,,,,51980019
药学院,教学办公室（研究生）,是,51980168,,,,51980168
药学院,学工组,是,51980021,,,,51980021
药学院,研工组,是,51980021,,,,51980021
药学院,科研办公室,是,51980015,,,,51980015
药学院,《中国临床药学》杂志社,是,54237418；54237256,,,,54237418；54237256
公共卫生学院,电话,是,54237625,,,,54237625
公共卫生学院,传真,是,64037364,,,,64037364
公共卫生学院,地址,是,上海市徐汇区东安路130号,,,,上海市徐汇区东安路130号
公共卫生学院,网址,是,http://sph.fudan.edu.cn/,,,,http://sph.fudan.edu.cn/
公共卫生学院,办公室,是,37706,,,,37706
公共卫生学院,党委办公室,是,37707,,,,37707
公共卫生学院,院长办公室,是,37625,,,,37625
公共卫生学院,本科生教务,是,37238,,,,37238
公共卫生学院,研究生事务,是,37051,,,,37051
公共卫生学院,科研事务,是,37051,,,,37051
公共卫生学院,MPH管理,是,37369,,,,37369
公共卫生学院,学生工作组,是,37148,,,,37148
公共卫生学院,卫生部卫生技术评估重点实验室,是,37433,,,,37433
公共卫生学院,公共卫生安全教育部重点实验室,是,37625,,,,37625
护理学院,电话,是,64161784,,,,64161784
护理学院,传真,是,64161784,,,,64161784
护理学院,地址,是,上海市徐汇区枫林路305号,,,,上海市徐汇区枫林路305号
护理学院,网址,是,http://nursing.fudan.edu.cn/,,,,http://nursing.fudan.edu.cn/
护理学院,党总支办公室,是,64161784；64431128,,,,64161784；64431128
护理学院,院办,是,64161784；64431128,,,,64161784；64431128
护理学院,教务工作办公室,是,64431262,,,,64431262
护理学院,学生工作办公室,是,64431156,,,,64431156
护理学院,研究生及科研管理办公室,是,64431173,,,,64431173
护理学院,护理实践教学中心,是,64431351,,,,64431351
脑科学研究院,电话,是,54237641；54237642,,,,54237641；54237642
脑科学研究院,传真,是,54237643,,,,54237643
脑科学研究院,地址,是,上海市医学院路138号明道楼10楼11楼,,,,上海市医学院路138号明道楼10楼11楼
脑科学研究院,网址,是,http://www.fudan-iobs.com,,,,http://www.fudan-iobs.com
脑科学研究院,办公室,是,54237641；54237642；54237813；54237855,,,,54237641；54237642；54237813；54237855
脑科学研究院,公共技术平台,是,54237591；54237854,,,,54237591；54237854
神经生物学研究所,电话,是,54237645；54237646,,,,54237645；54237646
神经生物学研究所,传真,是,54237647,,,,54237647
神经生物学研究所,地址,是,东安路131号明道楼12-13楼,,,,东安路131号明道楼12-13楼
生物医学研究院,电话,是,54237325,,,,54237325
生物医学研究院,传真,是,54237325,,,,54237325
生物医学研究院,地址,是,徐汇区东安路131号，枫林校区明道楼,,,,徐汇区东安路131号，枫林校区明道楼
生物医学研究院,网址,是,http://www.ibsfudan.org/,,,,http://www.ibsfudan.org/
生物医学研究院,生物医学研究院办公室,是,54237170,,,,54237170
生物医学研究院,出生缺陷研究所,是,54237860,,,,54237860
放射医学研究所,电话,是,64042620,,,,64042620
放射医学研究所,传真,是,64048043,,,,64048043
放射医学研究所,地址,是,上海市斜土路2094号,,,,上海市斜土路2094号
放射医学研究所,网址,是,http//fys.shmu.edu.cn,,,,http//fys.shmu.edu.cn
继续教育学院,电话,是,65643425,,,,65643425
继续教育学院,传真,是,65648388,,,,65648388
继续教育学院,地址,是,杨浦区邯郸路220号，复旦大学文科楼1楼,,,,杨浦区邯郸路220号，复旦大学文科楼1楼
继续教育学院,网址,是,http://www.cce.fudan.edu.cn/,,,,http://www.cce.fudan.edu.cn/
继续教育学院,行政部（院办公室）,是,23425,,,,23425
继续教育学院,行政部（非学历教育管理办公室）,是,23875,,,,23875
继续教育学院,行政部（后勤办公室）,是,23934,,,,23934
继续教育学院,行政部（财务办公室）,是,23890,,,,23890
继续教育学院,学历部（招生办公室）,是,22277；23872,,,,22277；23872
继续教育学院,学历部（教务办公室）,是,23426；23871,,,,23426；23871
继续教育学院,学历部（学生办公室）,是,22056；23424,,,,22056；23424
继续教育学院,自考办（考生服务中心）,是,23870；23410；23629,,,,23870；23410；23629
继续教育学院,自考办（考务室）,是,23787；23878,,,,23787；23878
继续教育学院,自考（护理学专业）,是,37227,,,,37227
继续教育学院,培训部（报名中心）,是,23428,,,,23428
继续教育学院,培训部（管理培训中心）,是,23429；22285；24866；22237,,,,23429；22285；24866；22237
继续教育学院,学历部枫林办,是,37386；37319,,,,37386；37319
网络教育学院,电话,是,65642012；65640801（邯郸路）,,,,65642012；65640801（邯郸路）
网络教育学院,地址,是,杨浦区邯郸路220号，复旦大学文科楼一楼118室,,,,杨浦区邯郸路220号，复旦大学文科楼一楼118室
网络教育学院,网址,是,http://dec.fudan.edu.cn/,,,,http://dec.fudan.edu.cn/
网络教育学院,招生部,是,22012；23403,,,,22012；23403
网络教育学院,学院办公室,是,22149,,,,22149
网络教育学院,财务室,是,23405,,,,23405
网络教育学院,教务部,是,65640801（总机）,,,,65640801（总机）
网络教育学院,学工部,是,65640801（总机）,,,,65640801（总机）
网络教育学院,技术部,是,65640801（总机）,,,,65640801（总机）
网络教育学院,境外合作部,是,65640801（总机）,,,,65640801（总机）
网络教育学院,校外学习中心,是,65640801（总机）,,,,65640801（总机）
网络教育学院,培训部,是,24500；24600,,,,24500；24600
国际文化交流学院,电话,是,55664490,,,,55664490
国际文化交流学院,传真,是,65113689,,,,65113689
国际文化交流学院,地址,是,邯郸校区光华楼东主楼8-10楼,,,,邯郸校区光华楼东主楼8-10楼
国际文化交流学院,网址,是,http://www.ies.fudan.edu.cn/,,,,http://www.ies.fudan.edu.cn/
国际文化交流学院,院长室,是,55664831,,,,55664831
国际文化交流学院,院总支,是,55664491,,,,55664491
国际文化交流学院,学院办公室,是,55664490,,,,55664490
国际文化交流学院,学生工作,是,55664489,,,,55664489
国际文化交流学院,本科生、语言生教务,是,65642256,,,,65642256
国际文化交流学院,研究生教务,是,65643337,,,,65643337
国际文化交流学院,资料室,是,65642699,,,,65642699
国际文化交流学院,对外汉语短期培训中心,是,55664859,,,,55664859
国际文化交流学院,复旦大学孔子学院办公室,是,55665276,,,,55665276
国际文化交流学院,对外汉语教学中心第一教研室,是,65111646,,,,65111646
国际文化交流学院,对外汉语教学中心第二教研室,是,65103810,,,,65103810
国际文化交流学院,对外汉语教学中心第三教研室,是,65103811,,,,65103811
国际文化交流学院,汉语系第一教研室,是,65103815,,,,65103815
国际文化交流学院,汉语系第二教研室,是,65103812,,,,65103812
国际文化交流学院,第二教学楼教室管理,是,65642253,,,,65642253
国际文化交流学院,光华楼教室管理,是,55665213,,,,55665213
社会科学基础部,电话,是,55664408,,,,55664408
社会科学基础部,地址,是,邯郸校区光华楼西主楼508室,,,,邯郸校区光华楼西主楼508室
社会科学基础部,网址,是,http://www.theory.fudan.edu.cn,,,,http://www.theory.fudan.edu.cn
社会科学基础部,行政办公室,是,24408,,,,24408
社会科学基础部,党总支办公室,是,22098,,,,22098
社会科学基础部,部主任办公室,是,23042,,,,23042
社会科学基础部,研究生教务办公室,是,23040,,,,23040
社会科学基础部,本科生教务办公室,是,24321,,,,24321
社会科学基础部,资料室,是,23043,,,,23043
体育教学部,电话,是,65643321,,,,65643321
体育教学部,传真,是,65643323,,,,65643323
体育教学部,地址,是,国权路政肃路复旦大学南区体育中心田径场,,,,国权路政肃路复旦大学南区体育中心田径场
体育教学部,网址,是,http://www.fdty.fudan.edu.cn,,,,http://www.fdty.fudan.edu.cn
体育教学部,行政办公室,是,23321,,,,23321
体育教学部,部主任办公室,是,23323,,,,23323
体育教学部,教务办公室,是,22626,,,,22626
中山医院,电话,是,64041990,,,,64041990
中山医院,地址,是,上海市徐汇区枫林路180号,,,,上海市徐汇区枫林路180号
中山医院,网址,是,http://www.zshospital.com,,,,http://www.zshospital.com
华山医院,电话,是,52889999,,,,52889999
华山医院,传真,是,62489191,,,,62489191
华山医院,地址,是,上海市徐汇区乌鲁木齐中路12号,,,,上海市徐汇区乌鲁木齐中路12号
华山医院,网址,是,http://www.huashan.org.cn,,,,http://www.huashan.org.cn
儿科医院,电话,是,64931990,,,,64931990
儿科医院,地址,是,上海市闵行区万源路399号,,,,上海市闵行区万源路399号
儿科医院,网址,是,http://ch.shmu.edu.cn,,,,http://ch.shmu.edu.cn
妇产科医院,电话,是,33189900,,,,33189900
妇产科医院,地址,是,上海市黄浦区方斜路419号,,,,上海市黄浦区方斜路419号
妇产科医院,网址,是,http://www.fckyy.com,,,,http://www.fckyy.com
眼耳鼻喉科医院,电话,是,64377134,,,,64377134
眼耳鼻喉科医院,传真,是,64377151,,,,64377151
眼耳鼻喉科医院,地址,是,上海市徐汇区汾阳路83号,,,,上海市徐汇区汾阳路83号
眼耳鼻喉科医院,网址,是,http://www.fdeent.org,,,,http://www.fdeent.org
肿瘤医院,电话,是,64175590,,,,64175590
肿瘤医院,传真,是,64174774,,,,64174774
肿瘤医院,地址,是,上海市徐汇区东安路270号,,,,上海市徐汇区东安路270号
肿瘤医院,网址,是,http://www.shca.org.cn/,,,,http://www.shca.org.cn/
金山医院,电话,是,57949999,,,,57949999
金山医院,传真,是,57943141,,,,57943141
金山医院,地址,是,上海金山区金一东路391号,,,,上海金山区金一东路391号
金山医院,网址,是,http://www.jinshanhos.org.cn/,,,,http://www.jinshanhos.org.cn/
上海市第五人民医院,电话,是,64308151,,,,64308151
上海市第五人民医院,地址,是,上海市闵行区瑞丽路128号,,,,上海市闵行区瑞丽路128号
上海市第五人民医院,网址,是,http://www.5thhospital.com/,,,,http://www.5thhospital.com/
上海市公共卫生临床中心,电话,是,37990333,,,,37990333
上海市公共卫生临床中心,传真,是,57248782,,,,57248782
上海市公共卫生临床中心,地址,是,上海市金山区漕廊公路2901号,,,,上海市金山区漕廊公路2901号
上海市公共卫生临床中心,网址,是,http://www.shaphc.org/,,,,http://www.shaphc.org/
华东医院,电话,是,62483180,,,,62483180
华东医院,地址,是,上海市静安区延安西路221号,,,,上海市静安区延安西路221号
华东医院,网址,是,http://www.huadonghospital.com,,,,http://www.huadonghospital.com
复旦附中,电话,是,65640560,,,,65640560
复旦附中,传真,是,65641849,,,,65641849
复旦附中,地址,是,上海市杨浦区国权路383号,,,,上海市杨浦区国权路383号
复旦附中,网址,是,http://www.fdfz.cn/,,,,http://www.fdfz.cn/
复旦附中,总机,是,65640560,,,,65640560
复旦附中,校长办公室,是,23307；65641849,,,,23307；65641849
复旦附中,教务处,是,23305,,,,23305
复旦附中,德育处,是,65111390,,,,65111390
复旦附中,团委,是,65111390,,,,65111390
复旦附中,总务处,是,65641184,,,,65641184
复旦附中,国际部（中文部）,是,55520127,,,,55520127
复旦附中,国际部（英文部）教务处,是,65107760,,,,65107760
复旦附中,国际部（英文部）主任室,是,65100361,,,,65100361
复旦附中,国际部（英文部）招生部,是,65111292,,,,65111292
复旦附中,教导主任办公室,是,65651442,,,,65651442
复旦二附中,电话,是,65643392,,,,65643392
复旦二附中,地址,是,杨浦区政修路215号,,,,杨浦区政修路215号
复旦二附中,网址,是,http://www.2fz.fudan.edu.cn,,,,http://www.2fz.fudan.edu.cn
复旦附小,电话,是,65643395(校长室)；65116794（教导处）,,,,65643395(校长室)；65116794（教导处）
复旦附小,传真,是,65107395,,,,65107395
复旦附小,地址,是,杨浦区政修路130号,,,,杨浦区政修路130号
复旦附小,网址,是,http://www.fx.fudan.edu.cn,,,,http://www.fx.fudan.edu.cn
图书馆,电话,是,65643178,,,,65643178
图书馆,传真,是,65641219,,,,65641219
图书馆,地址,是,杨浦区国年路300号,,,,杨浦区国年路300号
图书馆,网址,是,http://www.library.fudan.edu.cn/,,,,http://www.library.fudan.edu.cn/
文科图书馆,馆长办公室,是,23178,,,,23178
文科图书馆,参考咨询部,是,24282,,,,24282
文科图书馆,科技查新站,是,23168,,,,23168
文科图书馆,文科外文图书引进中心书库,是,23166,,,,23166
采编部 — 采访 23170,国际交换部,是,25648,,,,25648
采编部 — 采访 23170,文科流通部,是,23175,,,,23175
采编部 — 采访 23170,文科学生阅览室,是,23163,,,,23163
采编部 — 采访 23170,期刊部（文科馆期刊部办公室）,是,23176,,,,23176
采编部 — 采访 23170,文献传递与馆际互借,是,23176/25649（文科馆）；54237822（医科馆）,,,,23176/25649（文科馆）；54237822（医科馆）
采编部 — 采访 23170,文科馆期刊阅览室,是,23606,,,,23606
采编部 — 采访 23170,教师研究生阅览室,是,23169,,,,23169
采编部 — 采访 23170,数字化部,是,23173,,,,23173
采编部 — 采访 23170,数字化制作室,是,23608,,,,23608
采编部 — 采访 23170,《上海高校图书情报学刊》编辑部,是,22733,,,,22733
采编部 — 采访 23170,中国索引学会,是,24454,,,,24454
采编部 — 采访 23170,文科馆密集书库,是,24928,,,,24928
理科图书馆,理科流通部（咨询台）,是,23165,,,,23165
理科图书馆,理科馆二楼书库,是,23773,,,,23773
理科图书馆,外国教材中心,是,23909,,,,23909
理科图书馆,理科馆期刊阅览室,是,23164,,,,23164
理科图书馆,学位论文阅览室,是,23591,,,,23591
光华楼古籍部,古籍部办公室（光华楼6楼）,是,23177,,,,23177
光华楼古籍部,古籍部办公室（光华楼5楼）,是,25576,,,,25576
医科图书馆,电话,是,54237185,,,,54237185
医科图书馆,传真,是,64037222,,,,64037222
医科图书馆,馆办公室,是,37185,,,,37185
医科图书馆,电子阅览室,是,37720,,,,37720
医科图书馆,图书借阅厅,是,37863,,,,37863
医科图书馆,咨询台,是,37067,,,,37067
医科图书馆,医科馆期刊部,是,37822,,,,37822
医科图书馆,外文书刊阅览室,是,37724,,,,37724
医科图书馆,中文书刊阅览室,是,37723,,,,37723
医科图书馆,综合阅览室,是,37725,,,,37725
医科图书馆,参考咨询部,是,37485,,,,37485
医科图书馆,文献检索教研室及机检实习室,是,37187,,,,37187
张江图书馆,张江馆阅览室,是,51355579,,,,51355579
张江图书馆,张江馆借阅处,是,51355578,,,,51355578
江湾图书馆,江湾馆办公室,是,51630043,,,,51630043
江湾图书馆,江湾馆文科阅览室,是,51630047,,,,51630047
江湾图书馆,江湾馆文科报刊阅览室,是,51630048,,,,51630048
江湾图书馆,江湾馆网络学习区,是,51630046,,,,51630046
档案馆,电话,是,65642208,,,,65642208
档案馆,传真,是,65642624,,,,65642624
档案馆,地址,是,邯郸校区综合办公楼、第一教学楼附近,,,,邯郸校区综合办公楼、第一教学楼附近
档案馆,网址,是,http://www.fda.fudan.edu.cn/,,,,http://www.fda.fudan.edu.cn/
档案馆,行政办公室,是,22208,,,,22208
档案馆,业务指导室,是,22204,,,,22204
档案馆,保管利用室,是,24140,,,,24140
档案馆,征集编研室,是,22653,,,,22653
档案馆,医学综合室,是,37046,,,,37046
现代教育技术中心,电话,是,65643121,,,,65643121
现代教育技术中心,地址,是,邯郸校区文科楼1115室,,,,邯郸校区文科楼1115室
现代教育技术中心,网址,是,http://educenter.fudan.edu.cn/,,,,http://educenter.fudan.edu.cn/
现代教育技术中心,办公室,是,23121,,,,23121
现代教育技术中心,计算机教学实验室,是,24017,,,,24017
现代教育技术中心,多媒体制作室,是,23124,,,,23124
现代教育技术中心,枫林校区多媒体制作室,是,37349,,,,37349
现代教育技术中心,常规电教室,是,23125,,,,23125
现代教育技术中心,枫林校区常规电教室,是,37385,,,,37385
现代教育技术中心,有线电视站,是,23120,,,,23120
信息办,电话,是,65643247；65643207,,,,65643247；65643207
信息办,传真,是,65642904,,,,65642904
信息办,地址,是,光华楼东主楼一楼信息办值班室,,,,光华楼东主楼一楼信息办值班室
信息办,网址,是,http://www.ecampus.fudan.edu.cn/,,,,http://www.ecampus.fudan.edu.cn/
邯郸校区值班室,（光华楼东主楼一楼）,是,23247；23207,,,,23247；23207
枫林校区值班室,（第二教学楼一楼）,是,37486；37487,,,,37486；37487
张江校区值班室,（一号楼机房）,是,51355599,,,,51355599
江湾校区值班室,（行政楼一楼）,是,51630032,,,,51630032
学生公寓网络服务电话,（邯郸校区东区13-16号楼及本部楼宇）,是,65643207；65643247,,,,65643207；65643247
学生公寓网络服务电话,（邯郸校区北区）,是,55072065,,,,55072065
学生公寓网络服务电话,（邯郸校区南区、东区17-19号楼）,是,65106790,,,,65106790
学生公寓网络服务电话,（枫林校区西苑）,是,969112（有账号）；64683300（无账号）,,,,969112（有账号）；64683300（无账号）
学生公寓网络服务电话,（枫林校区护理学院4、5号楼）,是,54237486；54237487,,,,54237486；54237487
学生公寓网络服务电话,学生公寓网络服务电话（张江）,是,50272409,,,,50272409
学生公寓网络服务电话,学生公寓网络服务电话（江湾）,是,55072065,,,,55072065
分析测试中心,电话,是,65643001；65643063,,,,65643001；65643063
分析测试中心,传真,是,65643014,,,,65643014
分析测试中心,地址,是,邯郸校区科学楼东侧1-3层,,,,邯郸校区科学楼东侧1-3层
分析测试中心,网址,是,http://www.cam.fudan.edu.cn/newweb/,,,,http://www.cam.fudan.edu.cn/newweb/
分析测试中心,办公室,是,23001,,,,23001
分析测试中心,业务室,是,23063,,,,23063
分析测试中心,X单晶衍射实验室,是,23016,,,,23016
分析测试中心,X多晶衍射实验室,是,23010,,,,23010
分析测试中心,等离子体光谱室,是,23065,,,,23065
分析测试中心,电子显微镜实验室,是,23004,,,,23004
分析测试中心,核磁共振实验室,是,22795,,,,22795
分析测试中心,红外光谱实验室,是,23009,,,,23009
分析测试中心,化学分析实验室,是,23016,,,,23016
分析测试中心,激光拉曼实验室,是,23013,,,,23013
分析测试中心,离子色谱实验室,是,23002,,,,23002
分析测试中心,气相色谱实验室,是,23477,,,,23477
分析测试中心,色质联用实验室,是,23012,,,,23012
分析测试中心,顺磁共振实验室,是,23062,,,,23062
分析测试中心,细胞图象分析实验室,是,23011,,,,23011
分析测试中心,液相色谱实验室,是,23006,,,,23006
分析测试中心,原子吸收光谱室,是,23065,,,,23065
分析测试中心,紫外光谱实验室,是,23062,,,,23062
学生服务联合体,电话,是,65642006,,,,65642006
学生服务联合体,传真,是,55664892,,,,55664892
学生服务联合体,地址,是,叶耀珍楼405室,,,,叶耀珍楼405室
学生服务联合体,综合办公室,是,65642006,,,,65642006
学生服务联合体,复旦大学学生就业信息网,是,http://www.career.fudan.edu.cn,,,,http://www.career.fudan.edu.cn
学生服务联合体,学生职业发展教育服务中心（枫林校区）,是,54237253,,,,54237253
学生服务联合体,学生职业发展教育服务中心（邯郸校区）,是,65642288,,,,65642288
学生服务联合体,学生职业发展教育服务中心生涯服务部,是,55664265；55665478；55665479；65643889,,,,55664265；55665478；55665479；65643889
学生服务联合体,学生职业发展教育服务中心市场信息部,是,55664435；55664254；55665066；65642672,,,,55664435；55664254；55665066；65642672
学生服务联合体,心理健康教育中心（枫林校区，东安路100号209室）,是,54237771,,,,54237771
学生服务联合体,心理健康教育中心（邯郸校区，叶耀珍楼6楼）,是,65643339,,,,65643339
学生服务联合体,心理健康教育中心（江湾校区，生活园区0号楼203室）,是,61420329,,,,61420329
学生服务联合体,心理健康教育中心（张江校区，学生活动中心三楼）,是,51355626,,,,51355626
学生服务联合体,心理健康教育中心网址,是,http://www.fudan.edu.cn/new_comservice/xinli.htm,,,,http://www.fudan.edu.cn/new_comservice/xinli.htm
勤工助学中心办公室 65642494；传真 65640435,学生活动中心,是,65643539,,,,65643539
勤工助学中心办公室 65642494；传真 65640435,教材服务中心（枫林校区书店）,是,54237864,,,,54237864
勤工助学中心办公室 65642494；传真 65640435,教材服务中心（邯郸校区）,是,65642236,,,,65642236
勤工助学中心办公室 65642494；传真 65640435,学生档案室,是,65642654,,,,65642654
出版社,电话,是,65642854；65642857,,,,65642854；65642857
出版社,传真,是,65104812,,,,65104812
出版社,地址,是,上海市杨浦区国权路579号,,,,上海市杨浦区国权路579号
出版社,网址,是,http://www.fudanpress.com.cn/,,,,http://www.fudanpress.com.cn/
出版社,营销部主任办公室,是,65109693,,,,65109693
出版社,营销部副主任办公室,是,65104492,,,,65104492
出版社,上海复旦经世书局,是,22857；65109143,,,,22857；65109143
《复旦学报》,网址,是,http://www.fudan.edu.cn/new_research/magazine.htm,,,,http://www.fudan.edu.cn/new_research/magazine.htm
《复旦学报》,《复旦学报》（社会科学版）,是,22669,,,,22669
《复旦学报》,地址,是,邯郸校区八号楼三楼,,,,邯郸校区八号楼三楼
《复旦学报》,网址,是,http://www.fudan.edu.cn/wkxb,,,,http://www.fudan.edu.cn/wkxb
《复旦学报》,《复旦学报》（自然科学版）,是,22666,,,,22666
《复旦学报》,地址,是,邯郸校区八号楼三楼,,,,邯郸校区八号楼三楼
《复旦学报》,网址,是,http://www.jns.fudan.sh.cn,,,,http://www.jns.fudan.sh.cn
《复旦学报》,《复旦学报》（医学版）,是,37164；37314,,,,37164；37314
《复旦学报》,地址,是,枫林校区西苑培东楼502、503室,,,,枫林校区西苑培东楼502、503室
《复旦学报》,网址,是,http://jms.fudan.edu.cn/,,,,http://jms.fudan.edu.cn/
后勤管理机构,后勤党委,是,65643058,,,,65643058
后勤管理机构,总务处办公室,是,65643071,,,,65643071
后勤管理机构,基建处办公室,是,65643351,,,,65643351
后勤管理机构,复旦后勤公司办公室,是,65643129；54237425（枫林）,,,,65643129；54237425（枫林）
后勤管理机构,复旦大学校园生活服务平台网站,是,http://www.xyfw.fudan.edu.cn/,,,,http://www.xyfw.fudan.edu.cn/
宾馆接待,复旦大学燕园宾馆,是,65115121（总机）；23600（总台）；23677（餐厅）,,,,65115121（总机）；23600（总台）；23677（餐厅）
宾馆接待,复旦大学招待所,是,23289,,,,23289
宾馆接待,复旦大学外聘教师公寓,是,23191,,,,23191
宾馆接待,复宣酒店,是,55589518,,,,55589518
宾馆接待,卿云宾馆,是,22249；23812,,,,22249；23812
宾馆接待,枫林校区宾馆管理办公室,是,37225,,,,37225
宾馆接待,枫林校区东园招待所,是,37901-1001；37901-2261,,,,37901-1001；37901-2261
宾馆接待,枫林校区枫园招待所,是,64046011；54961250-220,,,,64046011；54961250-220
宾馆接待,张江校区专家楼,是,51355004,,,,51355004
餐饮供气,总务处餐饮管理办公室,是,23116（邯郸校区）；37144（枫林校区）,,,,23116（邯郸校区）；37144（枫林校区）
餐饮供气,复旦后勤公司饮食中心办公室,是,22440；23387,,,,22440；23387
餐饮供气,邯郸校区本部二楼餐厅,是,23952,,,,23952
餐饮供气,邯郸校区本部三楼旦苑餐厅（订座）,是,22466,,,,22466
餐饮供气,邯郸校区本部三楼旦苑餐厅办公室,是,23962,,,,23962
餐饮供气,邯郸校区本部一楼大餐厅,是,23965,,,,23965
餐饮供气,邯郸校区本部一楼小餐厅,是,23389,,,,23389
餐饮供气,燕园宾馆餐厅,是,23677,,,,23677
餐饮供气,邯郸校区北区东大小餐厅,是,24008,,,,24008
餐饮供气,邯郸校区北区二楼东大餐厅-西,是,24119,,,,24119
餐饮供气,邯郸校区北区二楼生乐餐厅-东,是,24120,,,,24120
餐饮供气,邯郸校区北区二楼学府餐厅-中,是,24117,,,,24117
餐饮供气,邯郸校区北区清真餐厅,是,24014,,,,24014
餐饮供气,邯郸校区北区一楼新世纪餐厅-东,是,24015,,,,24015
餐饮供气,邯郸校区北区一楼新世纪餐厅-西,是,24015,,,,24015
餐饮供气,邯郸校区北区一楼新世纪餐厅-中,是,24016,,,,24016
餐饮供气,邯郸校区南区春晖餐厅,是,23098,,,,23098
餐饮供气,邯郸校区南区教工快餐厅,是,22467,,,,22467
餐饮供气,邯郸校区南区清真餐厅,是,23971,,,,23971
餐饮供气,邯郸校区南区一楼东大餐厅,是,23565,,,,23565
餐饮供气,枫林校区餐饮办公室,是,37235,,,,37235
餐饮供气,枫林校区点心部,是,37115,,,,37115
餐饮供气,枫林校区西园餐厅,是,37177,,,,37177
餐饮供气,枫林校区医学院二餐厅小炒部,是,37297,,,,37297
餐饮供气,枫林校区医学院二餐厅一楼,是,37803,,,,37803
餐饮供气,枫林校区医学院清真餐厅,是,37613,,,,37613
餐饮供气,枫林校区医学院一餐厅二楼,是,37277,,,,37277
餐饮供气,枫林校区医学院一餐厅一楼,是,37177,,,,37177
餐饮供气,枫林校区护理学院学生餐厅,是,64431079,,,,64431079
餐饮供气,江湾校区饮食中心,是,51630068,,,,51630068
餐饮供气,张江校区食堂,是,51355700,,,,51355700
餐饮供气,张江校区学生公寓食堂,是,50809648,,,,50809648
餐饮供气,邯郸校区供气管理办公室,是,22441,,,,22441
餐饮供气,枫林校区供气管理办公室,是,37076,,,,37076
车辆服务,邯郸校区车辆中心调度室,是,23068,,,,23068
车辆服务,复旦车辆中心服务厅地址,是,杨浦区国权路555号,,,,杨浦区国权路555号
车辆服务,邯郸校区车辆服务中心财务室,是,23069,,,,23069
车辆服务,枫林校区车队调度室,是,37268,,,,37268
车辆服务,车辆维修、保养服务,是,23419,,,,23419
车辆服务,车险、学车服务,是,55122733,,,,55122733
复旦校名礼品,卿云轩复旦校名礼品店,是,22169；22999,,,,22169；22999
复旦校名礼品,枫林校区物资供应中心,是,37366,,,,37366
环卫绿化,总务处校园管理办公室,是,22450,,,,22450
环卫绿化,枫林校区校园管理办公室,是,37408,,,,37408
环卫绿化,江湾校区绿化管理,是,51630023,,,,51630023
会议服务,会场预订,是,通过OA系统预订,,,,通过OA系统预订
会议服务,邯郸校区会标、横幅、刻字,是,23073,,,,23073
会议服务,邯郸校区鲜花绿化,是,22445,,,,22445
会议服务,邯郸校区相辉堂会场管理,是,22488,,,,22488
会议服务,邯郸校区逸夫科技楼会场管理,是,22078,,,,22078
会议服务,邯郸校区逸夫楼会场管理,是,24546,,,,24546
会议服务,枫林校区明道楼会场管理,是,37721,,,,37721
会议服务,枫林校区鲜花绿化,是,37911,,,,37911
教师公寓,房委会办公室,是,23691；22072,,,,23691；22072
教师公寓,房委会网站,是,http://www.fwh.fudan.edu.cn/,,,,http://www.fwh.fudan.edu.cn/
日常零修,邯郸校区工程维修中心报修,是,22475（24小时）,,,,22475（24小时）
日常零修,枫林校区维修工程中心日常报修,是,37020,,,,37020
日常零修,枫林校区维修工程中心紧急报修,是,37056（夜间及节假日）,,,,37056（夜间及节假日）
日常零修,学生宿舍报修,是,详见“园区管理”,,,,详见“园区管理”
商贸零售,枫林校区教育超市,是,37368,,,,37368
商贸零售,枫林校区物资供应中心,是,37364（试剂）、37366（材料）,,,,37364（试剂）、37366（材料）
商贸零售,华联.复旦校园生活中心,是,24386,,,,24386
商贸零售,复旦科教器材服务有限公司,是,22431,,,,22431
商贸零售,邯郸校区400号仓库,是,22439,,,,22439
商贸零售,邯郸校区北区商业服务街管理办公室,是,23050,,,,23050
商贸零售,400号仓库张江分部,是,51355607,,,,51355607
商贸零售,张江校区罗森超市,是,51355606,,,,51355606
商贸零售,张江校区书店,是,51355608,,,,51355608
商贸零售,“复旦园”订水电话,是,22680；65647464,,,,22680；65647464
水电管理,水电管理服务中心,是,23328；22438,,,,23328；22438
水电管理,变电站值班电话,是,23329,,,,23329
体育场馆,体育场馆设施管理中心,是,23780,,,,23780
体育场馆,枫林校区学生活动中心,是,37123,,,,37123
体育场馆,张江校区体育馆,是,51355702,,,,51355702
通讯收发,邯郸校区电话总机,是,23799；22899；23772,,,,23799；22899；23772
通讯收发,枫林校区电话总机,是,37500；34160013,,,,37500；34160013
通讯收发,邯郸校区收发室,是,22612；22898,,,,22612；22898
通讯收发,邯郸校区国际快递,是,22827,,,,22827
通讯收发,枫林校区收发室,是,37626,,,,37626
通讯收发,江湾校区收发室,是,51630178,,,,51630178
通讯收发,张江校区收发室,是,51355603,,,,51355603
问询接待,邯郸校区校园接待中心,是,22999,,,,22999
问询接待,枫林校区一体化服务平台,是,37425,,,,37425
物业管理,总务处物业管理办公室,是,23418；24877,,,,23418；24877
物业管理,总务处物业管理办公室（枫林校区）,是,37144,,,,37144
物业管理,邯郸校区一至四教、实验房物业管理,是,22883,,,,22883
物业管理,邯郸校区五教、六教、文科楼、1号、10号楼物业,是,23472,,,,23472
物业管理,邯郸校区本部楼宇中心办公室,是,22831；25579,,,,22831；25579
物业管理,邯郸校区光华楼物业客服部,是,24248,,,,24248
物业管理,邯郸校区综合楼物业管理室,是,23639,,,,23639
物业管理,邯郸校区科学楼物业管理室,是,23060,,,,23060
物业管理,邯郸校区逸夫楼物业管理室,是,24546,,,,24546
物业管理,邯郸校区逸夫科技楼物业管理室,是,22078,,,,22078
物业管理,邯郸校区复乐物业管理室（本部教工宿舍）,是,22470；23839（夜间报修）,,,,22470；23839（夜间报修）
物业管理,邯郸校区复乐物业管理室（凉城新村教工宿舍）,是,65259061,,,,65259061
物业管理,邯郸校区复乐物业经理室,是,22471,,,,22471
物业管理,邯郸校区第八宿舍管理办公室,是,23096,,,,23096
物业管理,邯郸校区第八宿舍水电值班室,是,23096,,,,23096
物业管理,枫林校区第一、二教学楼管理室,是,37163,,,,37163
物业管理,枫林校区明道楼物业办公室,是,37721,,,,37721
物业管理,枫林校区东院、西院办公楼管理室,是,37012,,,,37012
物业管理,枫林校区学生活动中心物业办公室,是,37123,,,,37123
物业管理,枫林校区宿管中心办公室,是,37280,,,,37280
物业管理,枫林校区宿管中心维修班,是,37044（报修）；28337842（急修）,,,,37044（报修）；28337842（急修）
物业管理,枫林校区医大物业办公室（家属物业管理）,是,37126,,,,37126
物业管理,枫林校区医大物业接待室（家属物业接待）,是,37161,,,,37161
物业管理,江湾校区法学楼物业,是,51630173,,,,51630173
物业管理,江湾校区教学楼物业,是,51630166,,,,51630166
物业管理,张江校区物业故障报修,是,51355012,,,,51355012
医疗保健,电话,是,65642879；65642451；65642452,,,,65642879；65642451；65642452
医疗保健,传真,是,55522779,,,,55522779
医疗保健,网址,是,http://hospital.fudan.edu.cn/,,,,http://hospital.fudan.edu.cn/
医疗保健,防保科（邯郸校区）,是,22517,,,,22517
医疗保健,挂号室（邯郸校区）,是,22451,,,,22451
医疗保健,红十字会（邯郸校区）,是,22718,,,,22718
医疗保健,药房（邯郸校区）,是,22719,,,,22719
医疗保健,医保办（邯郸校区）,是,23848,,,,23848
医疗保健,院办（邯郸校区）,是,22879,,,,22879
医疗保健,值班室（邯郸校区）,是,22452,,,,22452
医疗保健,枫林校区门诊部,是,37065；37363,,,,37065；37363
医疗保健,张江校区医务室,是,51355602,,,,51355602
医疗保健,江湾校区医务室,是,51630039,,,,51630039
幼教服务,邯郸校区幼儿园,是,65103046；22481,,,,65103046；22481
幼教服务,枫林校区幼儿园,是,37108,,,,37108
园区生活,总务处学生园区办公室（邯郸、枫林）,是,23055；22535,,,,23055；22535
园区生活,邯郸校区南苑物业管理处,是,22570（报修）；24584,,,,22570（报修）；24584
园区生活,邯郸校区东区物业服务办公室,是,23382（报修）；25182,,,,23382（报修）；25182
园区生活,邯郸校区南区、东区水站,是,24528,,,,24528
园区生活,邯郸校区本部学生宿舍物业报修,是,23382,,,,23382
园区生活,邯郸校区北区物业管理办公室,是,23299（报修）；22947,,,,23299（报修）；22947
园区生活,邯郸校区学生宿舍201电话报修,是,65832222,,,,65832222
园区生活,枫林校区学生宿舍、劳务工宿舍办公室,是,37130,,,,37130
园区生活,枫林校区留学生宿舍,是,37600,,,,37600
园区生活,枫林校区青年教师宿舍、进修生博士后宿舍,是,37367,,,,37367
园区生活,枫林校区护理学院学生宿舍,是,64431282,,,,64431282
园区生活,江湾校区园区学生事务办公室,是,61424013,,,,61424013
园区生活,江湾校区园区后勤保障办公室,是,61424011,,,,61424011
园区生活,江湾校区园区物业值班,是,60864000,,,,60864000
园区生活,江湾校区园区安保值班,是,60864111,,,,60864111
园区生活,江湾校区园区网络维护,是,60944600,,,,60944600
园区生活,张江校区综合保障办公室,是,51355027,,,,51355027
园区生活,张江校区学生公寓网络维护,是,50272409,,,,50272409
园区生活,张江校区学生公寓物业服务,是,50803165,,,,50803165
